"managedby","name"
,"WS-1604"
,"WS-1610"
,"WS-1609"
,"WS-1603"
,"WS-1633"
,"WS-MAC-VM"
,"WS-1682"
,"WS-1630"
,"WS-1628"
,"WS-1619"
,"WS-1612"
,"WS-1631"
"CN=Paul Norcross,OU=Users,OU=Northern California,DC=wma-arch,DC=com","WS-1445"
,"WS-1618"
,"WS-1501"
,"WS-1699"
,"WS-1622"
,"WS-1601"
,"ws-mac"
,"WS-RESOURCE1"
,"WS-1742"
,"WS-1750"
,"WS-1753"
,"WS-1758"
,"WS-1764"
,"WS-1773"
,"WS-1777"
,"WS-1720"
,"WS-1784"
,"WS-1786"
,"WS-1794"
,"WS-1703"
,"WS-1789"
,"WS-1796"
,"WS-1797"
,"WS-1839"
,"WS-1846"
,"WS-1849"
"CN=Ken Wink,OU=Users,OU=Irvine,DC=wma-arch,DC=com","WS-1853"
,"WS-1763"
,"WS-1727"
,"WS-1844"
,"WS-1700"
,"WS-1717"
,"WS-1804"
,"WS-1824"
,"WS-1829"
,"WS-1847"
,"WS-1869"
,"WS-1878"
,"WS-1879"
,"WS-1728"
,"WS-1852"
,"WS-1854"
"CN=Lon Stephenson,OU=Users,OU=Irvine,DC=wma-arch,DC=com","WS-1870"
,"WS-1871"
,"WS-1419"
,"WS-1778"
,"WS-1780"
,"WS-1810"
,"WS-1634"
,"WS-1733"
,"WS-1697"
,"WS-1669"
,"WS-1629"
,"WS-1683"
,"WS-1588"
,"WS-1688"
,"WS-1594"
,"WS-1590"
,"WS-1708"
,"WS-1668"
,"WS-1719"
,"WS-1704"
,"WS-1614"
,"WS-1403"
,"WS-1458"
,"WS-1616"
,"WS-1584"
,"WS-1409"
,"WS-1430"
,"WS-1451"
,"WS-1466"
,"WS-1556"
,"WS-1434"
,"WS-1551"
,"WS-1433"
,"WS-1570"
,"WS-1465"
,"WS-1611"
,"WS-1585"
,"WS-1582"
,"WS-1431"
,"WS-1482"
,"WS-1597"
,"WS-1738"
,"WS-1680"
,"WS-1716"
,"WS-1574"
,"WS-1567"
,"WS-1478"
,"WS-1701"
,"WS-1909"
,"WS-1922"
,"WS-1919"
,"WS-1915"
,"WS-1913"
,"WS-1888"
,"WS-1901"
,"WS-1896"
"CN=Dennis Phan,OU=Users,OU=Irvine,DC=wma-arch,DC=com","WS-1887"
,"WS-1812"
,"WS-1924"
,"WS-1923"
,"WS-1914"
,"WS-1921"
,"WS-1665"
,"WS-1472"
,"WS-1571"
,"WS-1952"
,"WS-1940"
"CN=Christina Fahilga,OU=Users,OU=Irvine,DC=wma-arch,DC=com","WS-1931"
,"WS-1711"
,"WS-1995"
,"WS-1640"
,"WS-1595"
,"WS-1414"
,"WS-1413"
,"WS-1545"
,"WS-1672"
,"WS-1692"
,"WS-1533"
,"WS-1842"
,"WS-1912"
,"WS-1587"
,"WS-1745"
,"WS-1743"
,"WS-1972"
,"WS-1917"
,"WS-1670"
,"WS-1706"
,"WS-1712"
,"WS-1667"
,"WS-2022"
"CN=Deidre Small,OU=Users,OU=Toronto,DC=wma-arch,DC=com","WS-2014"
"CN=Matthew Burns,OU=Users,OU=New Jersey,DC=wma-arch,DC=com","WS-2006"
,"WS-1809"
,"WS-1938"
,"WS-2023"
,"WS-1746"
,"WS-1856"
,"WS-2085"
,"WS-1872"
,"WS-2011"
"CN=Delia Farrell,OU=Users,OU=Panama,DC=wma-arch,DC=com","WS-2107"
,"WS-2025"
,"WS-1867"
"CN=Helen Geller,OU=Users,OU=New Jersey,DC=wma-arch,DC=com","WS-2125"
,"WS-2012"
,"WS-2147"
,"WS-2096"
,"WS-2067"
,"WS-2029"
,"WS-2111"
"CN=Madeline Beck,OU=Users,OU=Seattle,DC=wma-arch,DC=com","WS-1949"
,"WS-1904"
"CN=Henry Chan,OU=Users,OU=Phoenix,DC=wma-arch,DC=com","WS-2026"
"CN=Alfredo Vite,OU=Users,OU=Irvine,DC=wma-arch,DC=com","WS-1877"
,"WS-1813"
"CN=Christina J. Chambers,OU=Users,OU=Miami,DC=wma-arch,DC=com","WS-1793"
,"WS-2015"
,"WS-2141"
,"WS-2010"
"CN=Daniel Schnizler,OU=Users,OU=San Diego,DC=wma-arch,DC=com","WS-1969"
,"WS-1702"
,"WS-1945"
,"WS-1817"
"CN=Joy Perez,OU=Users,OU=Irvine,DC=wma-arch,DC=com","WS-1876"
,"WS-1676"
,"WS-1814"
,"WS-1967"
,"WS-2145"
,"WS-2120"
"CN=Zach Motsinger,OU=Users,OU=Houston,DC=wma-arch,DC=com","WS-1971"
"CN=Hanna Abdolahpour,OU=Users,OU=Irvine,DC=wma-arch,DC=com","WS-1959"
"CN=Paige Parrish,OU=Users,OU=Irvine,DC=wma-arch,DC=com","WS-1752"
"CN=Braden Blake,OU=Users,OU=Phoenix,DC=wma-arch,DC=com","WS-2057"
"CN=Tatsiana Niaronava,OU=Users,OU=Irvine,DC=wma-arch,DC=com","WS-1991"
,"WS-1943"
,"WS-1885"
,"WS-1905"
,"WS-1942"
,"WS-1837"
,"WS-2097"
,"WS-2143"
,"WS-2148"
,"WS-1930"
,"WS-1802"
,"WS-1936"
"CN=Jonathan Ruffin,OU=Users,OU=Atlanta,DC=wma-arch,DC=com","WS-2002"
,"WS-2063"
,"WS-1713"
,"WS-1710"
,"WS-1624"
,"WS-1998"
"CN=Christopher Setchell,OU=Users,OU=Irvine,DC=wma-arch,DC=com","WS-1951"
"CN=Nolan Mathias,OU=Users,OU=Irvine,DC=wma-arch,DC=com","WS-1974"
,"WS-1615"
,"WS-2031"
,"WS-2070"
"CN=Richard McCullagh,OU=Users,OU=Irvine,DC=wma-arch,DC=com","WS-2017"
,"ws-2036"
,"ws-2037"
,"WS-1673"
,"WS-1714"
,"ws-2032"
"CN=Alicia Resendes,OU=Users,OU=San Diego,DC=wma-arch,DC=com","WS-2004"
,"ws-2093"
"CN=Joshua Durkee,OU=Users,OU=Northern California,DC=wma-arch,DC=com","WS-2262"
"CN=Janine Sherwood,OU=!Pending Deletion,DC=wma-arch,DC=com","WS-2020"
,"WS-2124"
,"WS-1891"
,"WS-1821"
,"WS-2009"
,"WS-1785"
,"WS-2028"
,"ws-2109"
,"WS-1886"
"CN=Ola Almeski,OU=Users,OU=Irvine,DC=wma-arch,DC=com","WS-1948"
"CN=Angel Alberto Garcia Cerda,OU=Users,OU=Mexico,DC=wma-arch,DC=com","WS-1981"
"CN=Velveth Alarcon,OU=Users,OU=Irvine,DC=wma-arch,DC=com","WS-2030"
"CN=Maryam Iranmanesh,OU=Users,OU=Irvine,DC=wma-arch,DC=com","WS-1737"
,"ws-1958"
"CN=Kerem Espejel,OU=Users,OU=San Diego-Downtown,DC=wma-arch,DC=com","WS-1860"
"CN=Darryl J. Strouse,OU=Users,OU=Chicago,DC=wma-arch,DC=com","WS-2083"
,"WS-1980"
,"WS-1955"
"CN=Jamesson Pena,OU=Users,OU=Denver-JS,DC=wma-arch,DC=com","WS-2119"
"CN=Ryan Nubling,OU=Users,OU=San Diego,DC=wma-arch,DC=com","WS-1859"
"CN=Brittaney Lee,OU=Users,OU=Irvine,DC=wma-arch,DC=com","WS-1765"
"CN=Carolina Vanderpoel,OU=Users,OU=San Diego-Downtown,DC=wma-arch,DC=com","WS-2047"
,"WS-1977"
,"WS-2021"
,"WS-2013"
,"WS-1964"
,"WS-1781"
,"WS-1866"
,"WS-1979"
,"WS-1655"
,"WS-1620"
,"ws-1575"
,"WS-1675"
,"WS-1568"
,"WS-1559"
,"WS-1558"
,"WS-1469"
,"WS-1460"
,"WS-1427"
,"WS-1453"
,"WS-1440"
,"WS-1370"
,"WS-1481"
,"WS-1461"
,"WS-1408"
,"WS-1623"
,"WS-1613"
,"WS-1625"
,"WS-1707"
,"WS-1589"
,"WS-1378"
,"WS-1354"
,"WS-1572"
,"WS-1553"
,"WS-1382"
,"WS-1171"
,"WS-1649"
,"WS-1646"
,"WS-1679"
,"WS-1734"
,"WS-1173"
,"WS-2065"
,"WS-1754"
,"WS-1602"
,"WS-2078"
,"WS-2114"
,"WS-1787"
"CN=Gino M. Becerra Hernandez,OU=Users,OU=Panama,DC=wma-arch,DC=com","WS-2178"
,"WS-2099"
"CN=Anesi Huff,OU=Users,OU=Denver,DC=wma-arch,DC=com","WS-2224"
"CN=Christina Robles,OU=Users,OU=Irvine,DC=wma-arch,DC=com","WS-2227"
,"WS-2286"
,"WS-2284"
,"WS-1732"
,"WS-1862"
"CN=Dallel Alem,OU=Users,OU=Irvine,DC=wma-arch,DC=com","WS-1989"
"CN=Boris Shevelev,OU=Users,OU=Irvine,DC=wma-arch,DC=com","WS-2116"
,"WS-1838"
,"WS-2266"
"CN=Wayne Lin,OU=Users,OU=LA,DC=wma-arch,DC=com","WS-2019"
"CN=Edward Mayer,OU=Users,OU=New Jersey,DC=wma-arch,DC=com","WS-2174"
"CN=Luis Ibanez,OU=Users,OU=Irvine,DC=wma-arch,DC=com","WS-1861"
,"ws-2064"
,"WS-1897"
,"WS-2123"
"CN=Tami Green,OU=Users,OU=LA,DC=wma-arch,DC=com","WS-1740"
"CN=Britney Maddox,OU=Users,OU=San Diego,DC=wma-arch,DC=com","WS-1895"
,"WS-1735"
"CN=Richard Gardner,OU=Users,OU=Irvine,DC=wma-arch,DC=com","WS-1903"
"CN=Thomas Schneider,OU=Users,OU=Atlanta,DC=wma-arch,DC=com","WS-2171"
"CN=Claudia Torres,OU=Users,OU=Irvine,DC=wma-arch,DC=com","WS-1999"
,"WS-1836"
,"WS-1788"
,"WS-2172"
,"WS-2270"
,"WS-2269"
"CN=Juan P. Zapata,OU=Users,OU=Miami,DC=wma-arch,DC=com","WS-2183"
"CN=Ana Cervantes,OU=Users,OU=Irvine,DC=wma-arch,DC=com","WS-2210"
,"WS-1966"
,"WS-1880"
,"WS-2182"
,"WS-1845"
,"WS-1808"
"CN=Michael Gee,OU=Users,OU=Irvine,DC=wma-arch,DC=com","WS-1965"
,"WS-2668"
"CN=Andrew Zertuche,OU=Users,OU=Irvine,DC=wma-arch,DC=com","WS-1928"
,"WS-2027"
,"WS-2046"
"CN=Erica Godun,OU=Users,OU=New Jersey,DC=wma-arch,DC=com","WS-2166"
"CN=Dennis Edgett,OU=Users,OU=Irvine,DC=wma-arch,DC=com","WS-1881"
,"WS-2267"
"CN=Ruth Garibaldi,OU=Users,OU=LA,DC=wma-arch,DC=com","WS-1988"
"CN=Kelly Leanos,OU=Users,OU=Northern California,DC=wma-arch,DC=com","WS-2177"
"CN=Mila Volkova,OU=Users,OU=Irvine,DC=wma-arch,DC=com","WS-1933"
,"WS-1947"
"CN=Kimberly Huffman,OU=Users,OU=Irvine,DC=wma-arch,DC=com","WS-2052"
,"WS-2048"
"CN=Ana Paula Guzman Aceves,OU=Users,OU=San Diego,DC=wma-arch,DC=com","WS-1996"
,"WS-2045"
"CN=Martin Camacho,OU=Users,OU=San Francisco,DC=wma-arch,DC=com","WS-2244"
"CN=Stephanie Fox,OU=Users,OU=Irvine,DC=wma-arch,DC=com","WS-1992"
"CN=Frank Salas Helguera,OU=Users,OU=Northern California,DC=wma-arch,DC=com","ws-2118"
"CN=Debbie Easley,OU=Users,OU=San Diego,DC=wma-arch,DC=com","WS-1875"
,"WS-2268"
"CN=Nelson Tello,OU=Users,OU=Irvine,DC=wma-arch,DC=com","WS-2222"
"CN=Timmie Furay-Aragon,OU=Users,OU=Denver,DC=wma-arch,DC=com","WS-1865"
,"WS-2173"
"CN=Reinaldo Gomez,OU=Users,OU=Miami,DC=wma-arch,DC=com","WS-2001"
"CN=Kevin Evernham,OU=Users,OU=Phoenix,DC=wma-arch,DC=com","WS-2200"
"CN=Vincent Massaro Jr.,OU=Users,OU=Irvine,DC=wma-arch,DC=com","WS-2091"
"CN=Kristin Haase,OU=Users,OU=New Jersey,DC=wma-arch,DC=com","WS-2241"
"CN=Yamel Grijalva,OU=Users,OU=San Diego-Downtown,DC=wma-arch,DC=com","WS-1874"
,"WS-1759"
"CN=Brian Izzo,OU=Users,OU=New Jersey,DC=wma-arch,DC=com","WS-2187"
,"ws-2110"
"CN=Martin Garcia,OU=Users,OU=Irvine,DC=wma-arch,DC=com","WS-2221"
,"WS-1834"
,"WS-1757"
"CN=Erik Randa,OU=Users,OU=Denver,DC=wma-arch,DC=com","WS-2245"
"CN=Brittany Mariana,OU=Users,OU=Princeton,DC=wma-arch,DC=com","WS-2198"
"CN=Kirsten Lien,OU=Users,OU=Northern California,DC=wma-arch,DC=com","WS-2088"
"CN=Jim Terry,OU=Users,OU=Northern California,DC=wma-arch,DC=com","WS-2163"
"CN=Hector Bello,OU=Users,OU=Irvine,DC=wma-arch,DC=com","WS-1898"
,"WS-1857"
,"WS-1868"
"CN=Michelle Morgan,OU=Users,OU=San Diego-Downtown,DC=wma-arch,DC=com","WS-2144"
"CN=Kara Matthies,OU=Users,OU=San Diego,DC=wma-arch,DC=com","WS-2169"
"CN=Britney Maddox,OU=Users,OU=San Diego,DC=wma-arch,DC=com","WS-1766"
,"WS-2049"
,"WS-1736"
"CN=Zeshan Malik,OU=Users,OU=New Jersey,DC=wma-arch,DC=com","WS-2041"
"CN=Bryan Shimoda,OU=Users,OU=Irvine,DC=wma-arch,DC=com","WS-2218"
,"WS-1927"
,"WS-1873"
,"WS-2181"
"CN=Ehsan Tahghighi,OU=Users,OU=Toronto,DC=wma-arch,DC=com","WS-2231"
"CN=Micah Deitz,OU=Users,OU=Irvine,DC=wma-arch,DC=com","WS-2068"
"CN=Enrique Gonzales,OU=Users,OU=Irvine,DC=wma-arch,DC=com","WS-1790"
,"WS-1884"
,"WS-1899"
,"WS-1994"
"CN=Pietro Agnello,OU=Users,OU=New York,DC=wma-arch,DC=com","WS-2126"
"CN=Blair Gillespie,OU=Users,OU=Irvine,DC=wma-arch,DC=com","WS-2214"
,"WS-2176"
"CN=Haleigh Pritchett,OU=Users,OU=San Francisco,DC=wma-arch,DC=com","WS-1987"
"CN=Alan Herrera Vega,OU=Users,OU=Irvine,DC=wma-arch,DC=com","WS-2115"
,"WS-1963"
,"WS-1983"
,"WS-1768"
,"WS-1920"
"CN=John Mitros,OU=Users,OU=Atlanta,DC=wma-arch,DC=com","WS-2242"
,"WS-1890"
,"WS-2188"
,"WS-2195"
,"WS-2192"
,"WS-2191"
,"ws-2113"
"CN=Angie Cervantez,OU=Users,OU=Irvine,DC=wma-arch,DC=com","WS-2199"
"CN=Catharine Hughes,OU=Users,OU=San Diego-Downtown,DC=wma-arch,DC=com","WS-2076"
,"WS-2207"
,"WS-1970"
"CN=Marsa Moghaddam,OU=Users,OU=Irvine,DC=wma-arch,DC=com","WS-1776"
,"WS-2190"
,"WS-2184"
,"WS-1908"
,"ws-2062"
,"WS-1756"
,"WS-2194"
"CN=Bill Sotomayor,OU=Users,OU=New York,DC=wma-arch,DC=com","WS-2193"
,"ws-2069"
"CN=Jennifer Liotta,OU=Users,OU=Northern California,DC=wma-arch,DC=com","WS-2204"
,"WS-2206"
,"WS-2035"
"CN=Eric Kania,OU=Users,OU=New Jersey,DC=wma-arch,DC=com","WS-2186"
"CN=James Armstrong,OU=Users,OU=Irvine,DC=wma-arch,DC=com","WS-2073"
,"WS-2211"
"CN=Tiffany Ramli,OU=Users,OU=Irvine,DC=wma-arch,DC=com","ws-2039"
,"WS-2202"
"CN=Jung Kim,OU=Users,OU=Irvine,DC=wma-arch,DC=com","WS-2213"
,"WS-2209"
,"WS-2112"
,"WS-2217"
,"WS-1751"
"CN=Liz De La Cruz,OU=Users,OU=Irvine,DC=wma-arch,DC=com","ws-2061"
,"WS-1954"
,"WS-1671"
"CN=Khue Trinh,OU=Users,OU=New York,DC=wma-arch,DC=com","WS-1978"
"CN=Katie Day,OU=Users,OU=Chicago,DC=wma-arch,DC=com","WS-1976"
,"WS-1960"
,"WS-2089"
,"ws-2142"
,"WS-1961"
,"WS-1863"
,"WS-1457"
,"WS-1982"
,"WS-2059"
,"WS-1858"
,"WS-2050"
,"WS-2051"
"CN=Jordan Ligon,OU=Users,OU=Atlanta,DC=wma-arch,DC=com","WS-1984"
,"ws-2077"
"CN=Janice Siu,OU=Users,OU=New Jersey,DC=wma-arch,DC=com","ws-2092"
,"WS-1718"
,"WS-1800"
,"WS-1950"
,"WS-1957"
,"WS-2180"
,"WS-1709"
"CN=Stephanie Rivera,OU=Users,OU=Irvine,DC=wma-arch,DC=com","WS-1827"
"CN=Bryan Maeda,OU=Users,OU=Irvine,DC=wma-arch,DC=com","WS-2208"
"CN=Rebecca LeTiecq,OU=Users,OU=Miami,DC=wma-arch,DC=com","WS-2175"
"CN=Holli Wagenaar,OU=Users,OU=Chicago,DC=wma-arch,DC=com","WS-2150"
,"WS-1985"
"CN=Abigail Sanchez,OU=Users,OU=San Diego,DC=wma-arch,DC=com","WS-1941"
"CN=Leslie Espiritu,OU=Users,OU=Irvine,DC=wma-arch,DC=com","WS-2084"
,"WS-1791"
"CN=Neal Dawes,OU=Users,OU=Denver-JS,DC=wma-arch,DC=com","WS-2250"
,"WS-2307"
,"WS-1892"
,"WS-2380"
"CN=Kelly Teenor,OU=Users,OU=Irvine,DC=wma-arch,DC=com","WS-2420"
,"WS-2422"
"CN=Peachy Magsombol,OU=Users,OU=LA,DC=wma-arch,DC=com","WS-2365"
"CN=Johnny Coelho,OU=Users,OU=Northern California,DC=wma-arch,DC=com","WS-2412"
"CN=Cindy Kang,OU=Users,OU=Seattle,DC=wma-arch,DC=com","WS-2474"
"CN=Alicia Zaro,OU=Users,OU=LA,DC=wma-arch,DC=com","WS-2287"
"CN=Henry Hong,OU=Users,OU=Irvine,DC=wma-arch,DC=com","WS-2416"
"CN=Ramon Salcido,OU=Users,OU=Northern California,DC=wma-arch,DC=com","WS-2411"
,"WS-2406"
"CN=Sarah Walker,OU=Users,OU=Irvine,DC=wma-arch,DC=com","WS-2427"
"CN=Ayman Morsy,OU=Users,OU=Toronto,DC=wma-arch,DC=com","WS-2364"
"CN=Stephen Nguyen,OU=Users,OU=Irvine,DC=wma-arch,DC=com","WS-1811"
,"WS-2409"
"CN=Catalina Rocha,OU=Users,OU=Toronto,DC=wma-arch,DC=com","WS-2401"
"CN=Salena Streenz,OU=Users,OU=Irvine,DC=wma-arch,DC=com","WS-2355"
"CN=Lili Koyama,OU=Users,OU=Irvine,DC=wma-arch,DC=com","WS-2293"
"CN=Jesus A. Urena,OU=Users,OU=Irvine,DC=wma-arch,DC=com","WS-2353"
"CN=Diane Guo,OU=Users,OU=LA,DC=wma-arch,DC=com","WS-2360"
"CN=Scott McKee,OU=Users,OU=Irvine,DC=wma-arch,DC=com","WS-2419"
,"WS-1956"
"CN=Molly Boyle,OU=Users,OU=Irvine,DC=wma-arch,DC=com","WS-2417"
"CN=Kevin Strohfus,OU=Users,OU=Denver,DC=wma-arch,DC=com","WS-2421"
"CN=Angela Ryan,OU=Users,OU=San Diego,DC=wma-arch,DC=com","WS-2292"
,"WS-1925"
,"WS-2289"
"CN=Michael Janulewicz,OU=Users,OU=New York,DC=wma-arch,DC=com","WS-2288"
"CN=Caitlin Marolf,OU=Users,OU=San Diego,DC=wma-arch,DC=com","WS-2463"
"CN=Alisha Panditrao,OU=Users,OU=New Jersey,DC=wma-arch,DC=com","WS-2370"
,"WS-2451"
"CN=Abigail Ng,OU=Users,OU=Irvine,DC=wma-arch,DC=com","WS-1715"
"CN=Michael Cody,OU=Users,OU=Chicago,DC=wma-arch,DC=com","WS-2393"
"CN=Eric Gomez,OU=Users,OU=New York,DC=wma-arch,DC=com","WS-2259"
"CN=Luis Rodriguez,OU=Users,OU=Miami,DC=wma-arch,DC=com","WS-2361"
"CN=Laura Fowler,OU=Users,OU=Princeton,DC=wma-arch,DC=com","WS-2257"
"CN=Paul Norcross,OU=Users,OU=Northern California,DC=wma-arch,DC=com","WS-2418"
"CN=Heather Griffin,OU=Users,OU=Houston,DC=wma-arch,DC=com","WS-2260"
,"WS-2340"
"CN=Maria Fernanda Cabrera,OU=Users,OU=San Diego,DC=wma-arch,DC=com","WS-2408"
,"WS-2247"
,"WS-2405"
"CN=Lindsay Suprenant,OU=Users,OU=Chicago-DT,DC=wma-arch,DC=com","WS-2252"
"CN=Sergio Delgado Castro,OU=Users,OU=Houston,DC=wma-arch,DC=com","WS-2413"
"CN=Julie Dalga,OU=Users,OU=Chicago,DC=wma-arch,DC=com","WS-2256"
"CN=Katrina Veneziano Shea,OU=Users,OU=San Diego-Downtown,DC=wma-arch,DC=com","WS-1748"
"CN=Scott Daniel,OU=Users,OU=New Jersey,DC=wma-arch,DC=com","WS-2254"
,"WS-2366"
"CN=Anna Jones,OU=Users,OU=New York,DC=wma-arch,DC=com","WS-2248"
"CN=Jessica Cole,OU=Users,OU=Irvine,DC=wma-arch,DC=com","WS-2300"
"CN=Arturo Ponciano,OU=Users,OU=Princeton,DC=wma-arch,DC=com","WS-2251"
"CN=Miro Moro,OU=Users,OU=Chicago,DC=wma-arch,DC=com","WS-2369"
,"WS-1840"
,"WS-2249"
,"WS-2403"
"CN=Faulizbeth Vallejo,OU=Users,OU=New Jersey,DC=wma-arch,DC=com","WS-2258"
"CN=Kim Havnes,OU=Users,OU=Chicago,DC=wma-arch,DC=com","WS-2362"
"CN=Michael Murphy,OU=Users,OU=Northern California,DC=wma-arch,DC=com","WS-2290"
,"WS-2295"
,"WS-1848"
"CN=Josh Kiddle,OU=Users,OU=Houston,DC=wma-arch,DC=com","WS-2414"
"CN=Cassandra Vaughn,OU=Users,OU=Irvine,DC=wma-arch,DC=com","WS-2296"
,"WS-2389"
"CN=Thomas Jansen,OU=Users,OU=Denver-JS,DC=wma-arch,DC=com","WS-2315"
"CN=Brian Muller,OU=Users,OU=Denver-JS,DC=wma-arch,DC=com","WS-2461"
"CN=Shenine Hooshmand,OU=Users,OU=Northern California,DC=wma-arch,DC=com","WS-2358"
,"WS-2373"
,"WS-2368"
"CN=David Newson,OU=Users,OU=Toronto,DC=wma-arch,DC=com","WS-2452"
"CN=Matt Pepin,OU=Users,OU=Denver-JS,DC=wma-arch,DC=com","WS-2479"
"CN=Thomas Wallen,OU=Users,OU=Irvine,DC=wma-arch,DC=com","WS-2255"
,"WS-2197"
,"WS-2309"
,"WS-2304"
,"WS-1608"
,"WS-2376"
,"WS-2386"
,"WS-1803"
,"WS-1761"
,"WS-1684"
,"WS-2377"
,"ws-1760"
,"WS-2226"
,"WS-1850"
,"WS-2320"
,"WS-2272"
,"WS-2273"
,"WS-2730"
,"WS-1823"
"CN=Andrew Dzulynsky,OU=Users,OU=San Diego,DC=wma-arch,DC=com","WS-2423"
,"WS-2274"
"CN=Fang Fang,OU=Users,OU=Northern California,DC=wma-arch,DC=com","WS-2382"
"CN=Loren Vine,OU=Users,OU=Seattle,DC=wma-arch,DC=com","WS-2720"
"CN=Samantha Sternick,OU=Users,OU=Atlanta,DC=wma-arch,DC=com","WS-2016"
"CN=Anthony Jason Dooley,OU=Users,OU=Atlanta,DC=wma-arch,DC=com","WS-2455"
"CN=Carl Willmann,OU=Users,OU=Irvine,DC=wma-arch,DC=com","WS-2754"
,"WS-2261"
"CN=Jeffrey Plecha,OU=Users,OU=Chicago-DT,DC=wma-arch,DC=com","WS-2253"
,"WS-2390"
"CN=Caroline McNulty,OU=Users,OU=Chicago-DT,DC=wma-arch,DC=com","WS-2551"
"CN=Anousha Ghorchian,OU=Users,OU=Northern California,DC=wma-arch,DC=com","WS-1962"
"CN=Davina Williams Duerr,OU=Users,OU=Seattle,DC=wma-arch,DC=com","WS-2450"
,"WS-2265"
"CN=Nicole Ruzbasan,OU=Users,OU=Chicago-DT,DC=wma-arch,DC=com","WS-2458"
"CN=Eric Zitny,OU=Users,OU=Phoenix,DC=wma-arch,DC=com","WS-2086"
,"WS-2707"
"CN=Chris Huaracha,OU=Users,OU=Irvine,DC=wma-arch,DC=com","WS-2447"
"CN=Remy Fukuda,OU=Users,OU=Irvine,DC=wma-arch,DC=com","WS-2441"
"CN=Ryan Kane,OU=Users,OU=Denver,DC=wma-arch,DC=com","WS-2760"
,"WS-1749"
"CN=Zachary Peterson,OU=Users,OU=Northern California,DC=wma-arch,DC=com","WS-2466"
,"WS-2359"
"CN=Michelle Fortuna,OU=Users,OU=Irvine,DC=wma-arch,DC=com","WS-2356"
"CN=Joshua Huckleberry-Wright,OU=Users,OU=Irvine,DC=wma-arch,DC=com","WS-2706"
"CN=Katlyn Lakie,OU=Users,OU=Irvine,DC=wma-arch,DC=com","WS-2443"
,"WS-2445"
,"WS-2453"
"CN=Kristen Lazatin,OU=Users,OU=Irvine,DC=wma-arch,DC=com","WS-2762"
,"WS-2444"
"CN=Andrea J. Aguirre,OU=Users,OU=Mexico,DC=wma-arch,DC=com","WS-2756"
"CN=Loryelle De La Pena,OU=Users,OU=San Diego,DC=wma-arch,DC=com","WS-2702"
,"WS-2396"
,"WS-2703"
"CN=Eric Namisniak,OU=Users,OU=Irvine,DC=wma-arch,DC=com","WS-2704"
"CN=Victor Colmenares,OU=Users,OU=Panama,DC=wma-arch,DC=com","WS-2758"
"CN=David Page,OU=Users,OU=Irvine,DC=wma-arch,DC=com","WS-2397"
"CN=Tanya Daly,OU=Users,OU=Irvine,DC=wma-arch,DC=com","WS-2763"
,"WS-2375"
"CN=Luis Fernando Navarro,OU=Users,OU=Mexico,DC=wma-arch,DC=com","WS-2448"
"CN=Kelsey Rosentreter,OU=Users,OU=Seattle,DC=wma-arch,DC=com","WS-2755"
"CN=Jinger Tapia,OU=Users,OU=Irvine,DC=wma-arch,DC=com","WS-2351"
"CN=Debra Bryant,OU=Users,OU=Irvine,DC=wma-arch,DC=com","WS-2352"
"CN=Damian Melo,OU=Users,OU=New York,DC=wma-arch,DC=com","WS-2464"
"CN=Mary Waits,OU=Users,OU=Northern California,DC=wma-arch,DC=com","ws-2071"
"CN=Daniel Lopez,OU=Users,OU=Irvine,DC=wma-arch,DC=com","WS-1769"
"CN=Jack Waddles,OU=Users,OU=Miami,DC=wma-arch,DC=com","WS-2102"
,"WS-1889"
,"WS-2038"
,"ws-1975"
"CN=Jay Todisco,OU=Users,OU=Irvine,DC=wma-arch,DC=com","WS-2709"
"CN=Jan Davis,OU=Users,OU=Denver,DC=wma-arch,DC=com","WS-2385"
,"WS-2465"
"CN=Pricilla Dang,OU=Users,OU=Irvine,DC=wma-arch,DC=com","WS-2705"
"CN=Rizalyn Corciega,OU=Users,OU=Toronto,DC=wma-arch,DC=com","WS-2054"
"CN=John Thomas,OU=Users,OU=Irvine,DC=wma-arch,DC=com","WS-2469"
"CN=Maureen Bissonnette,OU=Users,OU=Irvine,DC=wma-arch,DC=com","WS-2752"
,"WS-YC"
"CN=Lawrence R. Armstrong,OU=Users,OU=Irvine,DC=wma-arch,DC=com","WS-2701"
,"WS-2759"
"CN=Seth Brown,OU=Users,OU=Denver-JS,DC=wma-arch,DC=com","WS-2757"
"CN=Leah Crowe,OU=Users,OU=Denver,DC=wma-arch,DC=com","WS-2381"
"CN=Jon Anderson,OU=Users,OU=New Jersey,DC=wma-arch,DC=com","WS-2398"
"CN=Jessica Chang,OU=Users,OU=New York,DC=wma-arch,DC=com","WS-2243"
,"WS-1907"
"CN=Roxana Flores,OU=Users,OU=San Diego,DC=wma-arch,DC=com","WS-2357"
"CN=Clarissa Buendia,OU=Users,OU=San Diego,DC=wma-arch,DC=com","WS-1906"
"CN=Heather Moore,OU=Users,OU=San Diego,DC=wma-arch,DC=com","WS-2402"
"CN=Mathew Chaiken,OU=Users,OU=Denver,DC=wma-arch,DC=com","WS-2708"
"CN=Adam Obert,OU=Users,OU=New York,DC=wma-arch,DC=com","WS-2363"
"CN=Callie Bergin,OU=Users,OU=Denver,DC=wma-arch,DC=com","WS-2410"
,"WS-1841"
"CN=Nicholas Manalo,OU=Users,OU=LA,DC=wma-arch,DC=com","WS-2751"
,"WS-2117"
"CN=Brian Weiss,OU=Users,OU=Denver,DC=wma-arch,DC=com","WS-2374"
"CN=Deidre Small,OU=Users,OU=Toronto,DC=wma-arch,DC=com","WS-2236"
,"WS-2229"
"CN=Gerry Parco,OU=Users,OU=Northern California,DC=wma-arch,DC=com","WS-2024"
,"WS-2100"
"CN=Xingyi Zhou,OU=Users,OU=Toronto,DC=wma-arch,DC=com","WS-2233"
,"WS-2424"
"CN=Doreen Sachse,OU=Users,OU=Irvine,DC=wma-arch,DC=com","WS-2442"
"CN=Aliza Kamrun,OU=Users,OU=Irvine,DC=wma-arch,DC=com","WS-1986"
"CN=Andrea Spencer,OU=Users,OU=Toronto,DC=wma-arch,DC=com","WS-2235"
,"WS-2234"
,"WS-2502"
,"WS-1894"
"CN=Andy Al-Sannaa,OU=Users,OU=Northern California,DC=wma-arch,DC=com","WS-2298"
,"WS-1935"
,"WS-2503"
,"WS-2425"
,"WS-2501"
,"WS-2454"
,"WS-2468"
"CN=Luke Corsbie,OU=Users,OU=Irvine,DC=wma-arch,DC=com","WS-2765"
"CN=Mike Jones,OU=Users,OU=Denver-JS,DC=wma-arch,DC=com","WS-2072"
,"WS-2297"
"CN=Irene Connor,OU=Users,OU=Seattle,DC=wma-arch,DC=com","WS-2371"
"CN=Matthew Johnston,OU=Users,OU=San Diego,DC=wma-arch,DC=com","WS-2215"
"CN=Leticia De Brito,OU=Users,OU=Northern California,DC=wma-arch,DC=com","WS-2429"
"CN=Adam Smith,OU=Users,OU=New Jersey,DC=wma-arch,DC=com","WS-2391"
"CN=Daniel Allen,OU=Users,OU=Denver-JS,DC=wma-arch,DC=com","WS-2379"
"CN=Angel Morales,OU=Users,OU=Irvine,DC=wma-arch,DC=com","WS-2263"
"CN=Alyssa Knuckles,OU=Users,OU=Irvine,DC=wma-arch,DC=com","WS-2149"
"CN=Andy Nguyen,OU=Users,OU=Irvine,DC=wma-arch,DC=com","WS-2331"
"CN=Akanksha Singh,OU=Users,OU=Northern California,DC=wma-arch,DC=com","WS-2430"
"CN=Jessica Johns,OU=Users,OU=Denver-JS,DC=wma-arch,DC=com","WS-2378"
"CN=Josh Paradis,OU=Users,OU=Northern California,DC=wma-arch,DC=com","ws-2108"
"CN=Ernesto Encinas,OU=Users,OU=Phoenix,DC=wma-arch,DC=com","WS-1902"
"CN=Nihal Zahran,OU=Users,OU=Northern California,DC=wma-arch,DC=com","WS-2276"
,"WS-1771"
"CN=Taylor Wilson,OU=Users,OU=San Diego,DC=wma-arch,DC=com","WS-2426"
"CN=Brian Holmes,OU=Users,OU=Denver-JS,DC=wma-arch,DC=com","WS-2478"
,"WS-1900"
,"WS-1770"
,"WS-1593"
,"WS-2388"
,"WS-2481"
"CN=Brandon Cruz,OU=Users,OU=Irvine,DC=wma-arch,DC=com","WS-2776"
,"WS-1744"
,"WS-2785"
,"WS-2783"
"CN=Michael Petersen,OU=Users,OU=Irvine,DC=wma-arch,DC=com","WS-2605"
"CN=Isaac Sawatzky,OU=Users,OU=Denver,DC=wma-arch,DC=com","WS-2773"
"CN=Tom Myers,OU=Users,OU=Irvine,DC=wma-arch,DC=com","WS-2781"
"CN=Junior Gonzalez,OU=Users,OU=Irvine,DC=wma-arch,DC=com","WS-2788"
"CN=Sabrina Ramsay,OU=Users,OU=San Diego,DC=wma-arch,DC=com","WS-2787"
"CN=Dalia Tawil,OU=Users,OU=San Diego,DC=wma-arch,DC=com","WS-2786"
"CN=Aida de la Rosa,OU=Users,OU=Irvine,DC=wma-arch,DC=com","WS-2777"
"CN=Trevor Wells,OU=Users,OU=San Diego,DC=wma-arch,DC=com","WS-2602"
,"WS-2395"
"CN=Diana Melendez,OU=Users,OU=New Jersey,DC=wma-arch,DC=com","WS-2604"
"CN=Eric Kauffman,OU=Users,OU=Northern California,DC=wma-arch,DC=com","WS-2792"
"CN=Heather Groff,OU=Users,OU=New York,DC=wma-arch,DC=com","WS-2246"
"CN=Karl Schwab,OU=!Pending Deletion,DC=wma-arch,DC=com","WS-2711"
"CN=Erika Sanchez,OU=Users,OU=Denver,DC=wma-arch,DC=com","WS-2774"
,"WS-2082"
,"WS-2761"
,"WS-2103"
,"ws-2079"
,"WS-2104"
,"WS-2060"
,"WS-2291"
,"WS-2179"
,"WS-2098"
,"WS-2230"
,"WS-2053"
,"WS-2080"
,"WS-2282"
,"WS-2081"
"CN=Maira Vega,OU=Users,OU=Irvine,DC=wma-arch,DC=com","WS-2784"
"CN=Steven Stoddard,OU=!Pending Deletion,DC=wma-arch,DC=com","WS-2043"
"CN=Angelique Lestienne,OU=Users,OU=Irvine,DC=wma-arch,DC=com","WS-2780"
"CN=Michael Van Omen,OU=Users,OU=Phoenix,DC=wma-arch,DC=com","WS-2167"
,"WS-2496"
"CN=Steve Smith,OU=Users,OU=Denver,DC=wma-arch,DC=com","WS-2335"
,"WS-1775"
"CN=Shawnene Krebs,OU=Users,OU=Denver-JS,DC=wma-arch,DC=com","WS-2498"
,"WS-2342"
,"WS-2201"
,"WS-2494"
"CN=Ryan Kirtley,OU=Users,OU=Denver-JS,DC=wma-arch,DC=com","WS-2476"
"CN=Catherine Quintero,OU=Users,OU=Denver,DC=wma-arch,DC=com","WS-2791"
"CN=Mary Cheval,OU=Users,OU=Irvine,DC=wma-arch,DC=com","WS-2710"
"CN=Zachary Barton,OU=Users,OU=Phoenix,DC=wma-arch,DC=com","WS-2764"
"CN=Savana Batt,OU=Users,OU=San Diego,DC=wma-arch,DC=com","WS-2779"
,"WS-2220"
,"ws-1832"
"CN=Tobin Sloane,OU=Users,OU=Irvine,DC=wma-arch,DC=com","WS-2794"
,"WS-2782"
,"WS-2283"
,"WS-2087"
,"WS-2814"
"CN=Patrick Gunn,OU=Users,OU=Denver-JS,DC=wma-arch,DC=com","WS-2715"
,"WS-2308"
,"WS-TEST"
,"WS-1910"
"CN=Rachel Whitehill,OU=Users,OU=Irvine,DC=wma-arch,DC=com","WS-2790"
,"WS-2815"
"CN=Anita Makwana,OU=Users,OU=Irvine,DC=wma-arch,DC=com","WS-2813"
,"WS-2164"
,"WS-2007"
"CN=Nicholas DeTorres,OU=Users,OU=Northern California,DC=wma-arch,DC=com","WS-2799"
"CN=TuAnh Nguyen,OU=Users,OU=Northern California,DC=wma-arch,DC=com","WS-2216"
"CN=Max Fischer,OU=Users,OU=Northern California,DC=wma-arch,DC=com","WS-2275"
"CN=Niraj Patel,OU=Users,OU=Irvine,DC=wma-arch,DC=com","WS-2040"
,"WS-1973"
"CN=Jonathan Thomas,OU=Users,OU=Seattle,DC=wma-arch,DC=com","WS-2795"
,"WS-1934"
"CN=Hao Xu,OU=Users,OU=Irvine,DC=wma-arch,DC=com","WS-1855"
"CN=Grace Dobbins,OU=Users,OU=Princeton,DC=wma-arch,DC=com","WS-2399"
"CN=Robert Sutton,OU=Users,OU=Irvine,DC=wma-arch,DC=com","WS-2196"
,"WS-2170"
"CN=Lynne Jasinski,OU=Users,OU=Phoenix,DC=wma-arch,DC=com","WS-1968"
"CN=Cameron M. Trefry,OU=Users,OU=Chicago,DC=wma-arch,DC=com","WS-2392"
"CN=Maria Rodgers,OU=Users,OU=Irvine,DC=wma-arch,DC=com","WS-2394"
,"WS-2497"
"CN=Isaac Hulin,OU=Users,OU=Denver-JS,DC=wma-arch,DC=com","WS-2326"
"CN=Andrew Jordan,OU=Users,OU=Denver-JS,DC=wma-arch,DC=com","WS-2753"
,"WS-2428"
,"WS-2495"
,"WS-2500"
"CN=Adam Burrows,OU=Users,OU=Irvine,DC=wma-arch,DC=com","WS-2797"
,"WS-2310"
"CN=Greg Blount,OU=Users,OU=Denver-JS,DC=wma-arch,DC=com","WS-2775"
"CN=Christopher Hahn,OU=Users,OU=Irvine,DC=wma-arch,DC=com","WS-2823"
"CN=Samuel Lessard,OU=Users,OU=Denver-JS,DC=wma-arch,DC=com","WS-2719"
,"WS-2493"
"CN=Ian Crawford,OU=Users,OU=Denver-JS,DC=wma-arch,DC=com","WS-2446"
,"WS-2330"
,"WS-2321"
"CN=Nabil Ainouche,OU=Users,OU=Irvine,DC=wma-arch,DC=com","WS-1882"
,"WS-2349"
,"WS-2341"
"CN=David Nighswonger,OU=Users,OU=Denver-JS,DC=wma-arch,DC=com","WS-2347"
"CN=Amanda Casteel,OU=Users,OU=Denver-JS,DC=wma-arch,DC=com","WS-2473"
,"WS-2277"
,"WS-2475"
"CN=Justin Ehart,OU=Users,OU=Denver-JS,DC=wma-arch,DC=com","WS-2477"
"CN=Khalissa Surghani,OU=Users,OU=Denver-JS,DC=wma-arch,DC=com","ws-2718"
,"WS-2350"
"CN=Ilyes Nouizi,OU=Users,OU=Irvine,DC=wma-arch,DC=com","WS-1993"
"CN=Devon Jefferson,OU=Users,OU=Irvine,DC=wma-arch,DC=com","WS-1731"
,"WS-2005"
"CN=Ruth Brajevich,OU=Users,OU=Irvine,DC=wma-arch,DC=com","WS-2294"
,"WS-2384"
"CN=Jennifer Euyoqui,OU=Users,OU=Irvine,DC=wma-arch,DC=com","WS-1767"
,"WS-2492"
"CN=Amy Magee,OU=Users,OU=Denver-JS,DC=wma-arch,DC=com","WS-2712"
"CN=Ileana Contreras,OU=Users,OU=Denver-JS,DC=wma-arch,DC=com","WS-2449"
"CN=Ruben Jaime,OU=Users,OU=Irvine,DC=wma-arch,DC=com","WS-2008"
"CN=Evonne Feeder,OU=Users,OU=Irvine,DC=wma-arch,DC=com","WS-1929"
,"WS-2480"
,"WS-2344"
,"WS-2312"
"CN=Hayden Prillwitz,OU=Users,OU=Chicago,DC=wma-arch,DC=com","WS-1822"
,"WS-2404"
,"WS-1916"
"CN=Konstantina Mitrovgenis,OU=Users,OU=Northern California,DC=wma-arch,DC=com","WS-2825"
"CN=Francisco Oliva,OU=Users,OU=San Diego,DC=wma-arch,DC=com","WS-2793"
,"WS-2816"
"CN=Erik Sanchez,OU=Users,OU=Irvine,DC=wma-arch,DC=com","WS-2467"
"CN=Tayla Neugarten,OU=Users,OU=Irvine,DC=wma-arch,DC=com","WS-1739"
,"WS-2821"
"CN=Laci Derks,OU=Users,OU=Northern California,DC=wma-arch,DC=com","WS-2798"
"CN=Gary Drew,OU=Users,OU=Northern California,DC=wma-arch,DC=com","WS-2811"
"CN=Joshua Thompson,OU=Users,OU=San Diego-Downtown,DC=wma-arch,DC=com","WS-2778"
,"WS-2203"
"CN=Nancy Streeter,OU=Users,OU=Irvine,DC=wma-arch,DC=com","WS-2772"
"CN=Ted Heisler,OU=Users,OU=Irvine,DC=wma-arch,DC=com","WS-2771"
"CN=Matt Brady,OU=Users,OU=Irvine,DC=wma-arch,DC=com","WS-2800"
,"WS-2607"
"CN=Christina Piper,OU=Users,OU=Chicago-DT,DC=wma-arch,DC=com","WS-2609"
"CN=Marlyn Zucosky,OU=Users,OU=Princeton,DC=wma-arch,DC=com","WS-2606"
"CN=Michael Noiles,OU=Users,OU=Chicago,DC=wma-arch,DC=com","WS-2608"
"CN=Iglika Georgieva,OU=Users,OU=Chicago,DC=wma-arch,DC=com","WS-2552"
"CN=Frank Di Roma,OU=Users,OU=Toronto,DC=wma-arch,DC=com","WS-2610"
"CN=Radwan Madani,OU=Users,OU=LA,DC=wma-arch,DC=com","WS-2812"
,"WS-2281"
"CN=Katinka Garcia,OU=Users,OU=Mexico,DC=wma-arch,DC=com","WS-2843"
,"WS-1939"
"CN=Kimberly Arial,OU=Users,OU=Irvine,DC=wma-arch,DC=com","WS-2818"
"CN=Zeenat Insaf,OU=Users,OU=New York,DC=wma-arch,DC=com","WS-2652"
"CN=Megan Young,OU=Users,OU=Irvine,DC=wma-arch,DC=com","WS-1774"
"CN=Kelsey Grundman,OU=Users,OU=Denver,DC=wma-arch,DC=com","WS-2820"
"CN=Summer Fernquist,OU=Users,OU=San Diego,DC=wma-arch,DC=com","WS-2831"
,"WS-1772"
"CN=Scott Kruse,OU=Users,OU=Toronto,DC=wma-arch,DC=com","WS-2841"
"CN=Jim Babine,OU=Users,OU=Northern California,DC=wma-arch,DC=com","WS-2044"
"CN=Juan Luna,OU=Users,OU=Mexico,DC=wma-arch,DC=com","WS-2842"
"CN=Sandra Vaccari,OU=Users,OU=Houston,DC=wma-arch,DC=com","WS-2817"
"CN=Jill Burns,OU=Users,OU=Irvine,DC=wma-arch,DC=com","WS-2819"
,"WS-1864"
"CN=Kelly Thompson,OU=Users,OU=Northern California,DC=wma-arch,DC=com","WS-2387"
"CN=Ted Swan,OU=Users,OU=Denver-JS,DC=wma-arch,DC=com","WS-2849"
"CN=Brett Webster,OU=Users,OU=Chicago,DC=wma-arch,DC=com","WS-2601"
"CN=Julio Gutierrez,OU=Users,OU=San Francisco,DC=wma-arch,DC=com","WS-2058"
"CN=Laura Brooks,OU=Users,OU=Atlanta,DC=wma-arch,DC=com","WS-2555"
,"WS-2557"
"CN=Kenric Billy,OU=Users,OU=Denver-JS,DC=wma-arch,DC=com","WS-2728"
"CN=Rhea Butler,OU=Users,OU=San Francisco,DC=wma-arch,DC=com","WS-2844"
"CN=Samir Yowakim,OU=Users,OU=Northern California,DC=wma-arch,DC=com","WS-2717"
"CN=Brian L. Nguyen,OU=Users,OU=Northern California,DC=wma-arch,DC=com","WS-2716"
,"WS-2095"
"CN=Ryan Mu,OU=!Pending Deletion,DC=wma-arch,DC=com","WS-1741"
"CN=James Stanard,OU=Users,OU=Irvine,DC=wma-arch,DC=com","WS-2850"
,"WS-2847"
,"WS-1997"
"CN=Deborah Lajiness,OU=Users,OU=Seattle,DC=wma-arch,DC=com","WS-2729"
"CN=Christopher Polaski,OU=Users,OU=Irvine,DC=wma-arch,DC=com","WS-2848"
"CN=Michael Piraino,OU=Users,OU=Chicago,DC=wma-arch,DC=com","WS-2554"
"CN=Catherine Vann,OU=Users,OU=New York,DC=wma-arch,DC=com","WS-2653"
,"WS-2228"
,"WS-2225"
"CN=Michelle Olivo,OU=Users,OU=New York,DC=wma-arch,DC=com","WS-1805"
,"WS-2219"
,"WS-1830"
"CN=Tatyana Epstein,OU=Users,OU=New York,DC=wma-arch,DC=com","WS-2603"
"CN=Shauna Dack,OU=Users,OU=New York,DC=wma-arch,DC=com","WS-2400"
"CN=Christen Seelander,OU=Users,OU=Chicago,DC=wma-arch,DC=com","WS-2556"
"CN=Kate McCracken,OU=Users,OU=Irvine,DC=wma-arch,DC=com","WS-1729"
"CN=Monica Munoz-Diaz,OU=Users,OU=Irvine,DC=wma-arch,DC=com","WS-2852"
"CN=Beatriz Martinez,OU=Users,OU=San Francisco,DC=wma-arch,DC=com","WS-2857"
"CN=Nony Rivera,OU=Users,OU=Seattle,DC=wma-arch,DC=com","WS-2851"
"CN=Lawrence Ng,OU=Users,OU=Toronto,DC=wma-arch,DC=com","WS-2558"
"CN=Viviana Orio,OU=Users,OU=Mexico,DC=wma-arch,DC=com","WS-2859"
"CN=Frank Stevens,OU=Users,OU=New York,DC=wma-arch,DC=com","WS-2860"
"CN=Kevin Bowman,OU=Users,OU=Denver-JS,DC=wma-arch,DC=com","WS-2861"
"CN=Cynthia Milota,OU=Users,OU=Chicago,DC=wma-arch,DC=com","WS-2829"
"CN=Dawn Riegel,OU=Users,OU=Chicago,DC=wma-arch,DC=com","WS-2559"
"CN=Michael K. Bennett,OU=Users,OU=New Jersey,DC=wma-arch,DC=com","WS-2654"
"CN=Dana Rabat,OU=Users,OU=Irvine,DC=wma-arch,DC=com","WS-2856"
,"WS-2656"
"CN=Kayla Bosarge,OU=Users,OU=New York,DC=wma-arch,DC=com","WS-2655"
"CN=Christopher Shem,OU=Users,OU=Houston,DC=wma-arch,DC=com","WS-2560"
"CN=Angelo Rapallo,OU=Users,OU=Toronto,DC=wma-arch,DC=com","WS-2561"
,"WS-2858"
"CN=Guillermo Peregrina,OU=Users,OU=Mexico,DC=wma-arch,DC=com","WS-2462"
,"WS-2504"
"CN=Tiffany English,OU=Users,OU=San Diego,DC=wma-arch,DC=com","WS-2830"
"CN=Stephen Placido,OU=Users,OU=Irvine,DC=wma-arch,DC=com","WS-2871"
"CN=Niki Ward,OU=Users,OU=Phoenix,DC=wma-arch,DC=com","WS-2872"
"CN=Veronica Rodriguez,OU=Users,OU=Mexico,DC=wma-arch,DC=com","WS-2873"
,"WS-2105"
"CN=Nicholas Clody,OU=Users,OU=New York,DC=wma-arch,DC=com","WS-2657"
"CN=Jessica Shedarowich,OU=Users,OU=Irvine,DC=wma-arch,DC=com","WS-2875"
"CN=Raya Salsany,OU=Users,OU=Toronto,DC=wma-arch,DC=com","WS-2237"
"CN=Robert van het Hof,OU=Users,OU=Chicago,DC=wma-arch,DC=com","WS-2367"
,"WS-2658"
"CN=Taylor Mack,OU=Users,OU=Chicago-DT,DC=wma-arch,DC=com","WS-2562"
"CN=Ruba Fatani,OU=Users,OU=Irvine,DC=wma-arch,DC=com","WS-2828"
"CN=Genevieve Guoin,OU=Users,OU=San Diego,DC=wma-arch,DC=com","WS-2877"
"CN=Melody Lee,OU=Users,OU=Irvine,DC=wma-arch,DC=com","WS-2878"
"CN=Scott Brands,OU=Users,OU=Denver,DC=wma-arch,DC=com","WS-2727"
"CN=Lynn Murray,OU=Users,OU=San Diego,DC=wma-arch,DC=com","WS-2879"
"CN=Moses M. Gonzales Jr.,OU=Users,OU=Irvine,DC=wma-arch,DC=com","WS-9999"
"CN=Wendys Guardia,OU=Users,OU=Panama,DC=wma-arch,DC=com","WS-2880"
"CN=Ana Moreno,OU=Users,OU=San Diego,DC=wma-arch,DC=com","WS-2881"
"CN=Eric Zuniga,OU=Users,OU=Irvine,DC=wma-arch,DC=com","WS-2415"
"CN=Bob Snyder,OU=Users,OU=Irvine,DC=wma-arch,DC=com","WS-2882"
"CN=Melissa Watkins,OU=Users,OU=Phoenix,DC=wma-arch,DC=com","WS-2883"
"CN=Wayne Bastrup,OU=Users,OU=LA,DC=wma-arch,DC=com","WS-2884"
"CN=Arlen Hizon,OU=Users,OU=Irvine,DC=wma-arch,DC=com","WS-2066"
"CN=Andrea Reyes,OU=Users,OU=Irvine,DC=wma-arch,DC=com","WS-2354"
"CN=Chris Centeno,OU=Users,OU=Miami,DC=wma-arch,DC=com","WS-2659"
"CN=Maryam Tronco,OU=!Pending Deletion,DC=wma-arch,DC=com","WS-2660"
"CN=Mahjabeen Zaheda,OU=Users,OU=New York,DC=wma-arch,DC=com","WS-2824"
"CN=Sarah Lee,OU=Users,OU=Irvine,DC=wma-arch,DC=com","WS-2223"
"CN=Laura Chevalier,OU=Users,OU=New York,DC=wma-arch,DC=com","WS-2663"
"CN=Kim Stone,OU=Users,OU=San Diego,DC=wma-arch,DC=com","WS-2886"
"CN=Efren Murillo,OU=Users,OU=San Diego,DC=wma-arch,DC=com","WS-2034"
"CN=Robert Park,OU=Users,OU=San Diego,DC=wma-arch,DC=com","WS-2407"
"CN=Dien Nguyen,OU=Users,OU=Northern California,DC=wma-arch,DC=com","WS-2887"
"CN=Nathan Dean,OU=Users,OU=San Diego,DC=wma-arch,DC=com","WS-2888"
"CN=Jacob Tersigni,OU=Users,OU=Toronto,DC=wma-arch,DC=com","WS-2239"
"CN=Jasmine Dosanjh,OU=Users,OU=Toronto,DC=wma-arch,DC=com","WS-2238"
"CN=Steven Paredes,OU=Users,OU=Toronto,DC=wma-arch,DC=com","WS-2240"
"CN=Keith Martinez,OU=Users,OU=LA,DC=wma-arch,DC=com","WS-2889"
,"WS-2721"
"CN=Rob Kiester,OU=Users,OU=Denver,DC=wma-arch,DC=com","WS-2722"
"CN=Douglas Gullo,OU=Users,OU=Phoenix,DC=wma-arch,DC=com","WS-2890"
"CN=Jessica Park,OU=Users,OU=Irvine,DC=wma-arch,DC=com","WS-2106"
"CN=Patricia Valero,OU=Users,OU=Chicago,DC=wma-arch,DC=com","WS-3151"
"CN=Kirt Neal,OU=Users,OU=Seattle,DC=wma-arch,DC=com","WS-2891"
"CN=Lihn Phan,OU=Users,OU=New York,DC=wma-arch,DC=com","WS-2892"
"CN=Shuai Zhang,OU=Users,OU=Irvine,DC=wma-arch,DC=com","WS-2893"
"CN=Carolina Benitez,OU=Users,OU=Irvine,DC=wma-arch,DC=com","WS-2894"
,"WS-2531"
"CN=Brianna Cochran,OU=Users,OU=Houston,DC=wma-arch,DC=com","WS-2723"
"CN=Jessica Mulligan,OU=Users,OU=Chicago,DC=wma-arch,DC=com","WS-2833"
"CN=Jamie Vicars,OU=Users,OU=Chicago,DC=wma-arch,DC=com","WS-2832"
"CN=Marek Pula,OU=Users,OU=Chicago,DC=wma-arch,DC=com","WS-2042"
"CN=Jordan Dean,OU=Users,OU=LA,DC=wma-arch,DC=com","WS-2897"
"CN=Michael Mattie,OU=Users,OU=New York,DC=wma-arch,DC=com","WS-2665"
"CN=Matthew Cornelius,OU=Users,OU=Northern California,DC=wma-arch,DC=com","WS-2834"
"CN=Saatchi Kishnani,OU=Users,OU=New York,DC=wma-arch,DC=com","WS-2664"
"CN=JoAnn Schultz,OU=Users,OU=LA,DC=wma-arch,DC=com","WS-1944"
"CN=Samantha Lopez,OU=Users,OU=Denver-JS,DC=wma-arch,DC=com","WS-2726"
"CN=Tracy S. Morran,OU=Users,OU=San Diego,DC=wma-arch,DC=com","WS-3153"
"CN=Mark Bartolone,OU=Users,OU=Northern California,DC=wma-arch,DC=com","WS-3154"
"CN=Aimee Shimizu,OU=Users,OU=Irvine,DC=wma-arch,DC=com","WS-2161"
,"WS-2835"
"CN=Jessica McInnis,OU=Users,OU=Irvine,DC=wma-arch,DC=com","WS-2837"
"CN=Adrian Helton,OU=Users,OU=LA,DC=wma-arch,DC=com","WS-2796"
,"WS-2838"
"CN=Omid Jahanbozorgi,OU=Users,OU=Irvine,DC=wma-arch,DC=com","WS-3157"
"CN=Nassoro Ally,OU=Users,OU=Chicago,DC=wma-arch,DC=com","WS-2839"
"CN=Christian Zeitler,OU=Users,OU=Phoenix,DC=wma-arch,DC=com","WS-2725"
"CN=Edward Hanbicki,OU=Users,OU=Seattle,DC=wma-arch,DC=com","WS-2724"
,"WS-2731"
"CN=Maria Reyes,OU=Users,OU=Irvine,DC=wma-arch,DC=com","WS-3184"
"CN=Adam Nichol,OU=Users,OU=San Diego,DC=wma-arch,DC=com","WS-3159"
"CN=Manuel E. Cubilla,OU=Users,OU=Panama,DC=wma-arch,DC=com","WS-2671"
"CN=Stephanie Heiple,OU=Users,OU=Irvine,DC=wma-arch,DC=com","WS-3181"
,"WS-1918"
"CN=Luis Bermudez,OU=Users,OU=LA,DC=wma-arch,DC=com","WS-3182"
"CN=Angelica Lucia Alonso Zamudio,OU=Users,OU=New York,DC=wma-arch,DC=com","WS-2666"
,"WS-3158"
"CN=Brad Mathias,OU=Users,OU=Irvine,DC=wma-arch,DC=com","WS-2899"
"CN=Grant Brandenburg,OU=Users,OU=Chicago,DC=wma-arch,DC=com","WS-2667"
,"WS-2003"
"CN=Matthew Kuehn,OU=Users,OU=Phoenix,DC=wma-arch,DC=com","WS-2732"
"CN=Keith Bryant,OU=Users,OU=Irvine,DC=wma-arch,DC=com","WS-2900"
"CN=Robert Ross,OU=Users,OU=Irvine,DC=wma-arch,DC=com","WS-3161"
"CN=Erik Morse,OU=Users,OU=Denver-JS,DC=wma-arch,DC=com","WS-2733"
"CN=Ashley Persad,OU=Users,OU=San Diego,DC=wma-arch,DC=com","WS-3163"
"CN=Clay Carr,OU=Users,OU=Denver-JS,DC=wma-arch,DC=com","WS-2734"
"CN=Christina Kolkas,OU=Users,OU=Toronto,DC=wma-arch,DC=com","WS-2532"
,"WS-2735"
"CN=Diana Riba,OU=Users,OU=Mexico,DC=wma-arch,DC=com","WS-2505"
,"WS-2506"
"CN=Christopher Neitzel,OU=Users,OU=Phoenix,DC=wma-arch,DC=com","WS-3183"
"CN=Nicolas Haddad,OU=Users,OU=Phoenix,DC=wma-arch,DC=com","WS-3164"
"CN=Gregory Spon,OU=Users,OU=Irvine,DC=wma-arch,DC=com","WS-3165"
"CN=Tessa Robertson,OU=Users,OU=New York,DC=wma-arch,DC=com","WS-2669"
,"WS-2232"
,"WS-2840"
"CN=Jordan Eggers,OU=Users,OU=New York,DC=wma-arch,DC=com","WS-2661"
"CN=Rene Sanchez,OU=Users,OU=Mexico,DC=wma-arch,DC=com","WS-3171"
"CN=Jacqueline Roman,OU=Users,OU=LA,DC=wma-arch,DC=com","WS-3172"
"CN=Ali Nabi,OU=!Pending Deletion,DC=wma-arch,DC=com","WS-2563"
"CN=Sabreen Madden,OU=Users,OU=Chicago,DC=wma-arch,DC=com","WS-2737"
"CN=Vassanti Bribiesca,OU=Users,OU=Denver,DC=wma-arch,DC=com","WS-2736"
"CN=Mona Valencia,OU=Users,OU=Irvine,DC=wma-arch,DC=com","WS-3173"
"CN=Vy Dang,OU=Users,OU=Irvine,DC=wma-arch,DC=com","WS-3176"
"CN=Sang Jin Lee,OU=Users,OU=New Jersey,DC=wma-arch,DC=com","WS-3174"
"CN=Alexandra Neujahr,OU=Users,OU=Denver,DC=wma-arch,DC=com","WS-2739"
,"WS-3166"
"CN=Steve Russo,OU=Users,OU=Irvine,DC=wma-arch,DC=com","WS-3177"
"CN=Benny Tanusaputra,OU=Users,OU=Irvine,DC=wma-arch,DC=com","WS-3178"
"CN=Sara Jazra,OU=Users,OU=Irvine,DC=wma-arch,DC=com","WS-3179"
"CN=Michael Christensen,OU=Users,OU=Irvine,DC=wma-arch,DC=com","WS-2670"
,"WS-2681"
"CN=Alexa Seidenfeld,OU=Users,OU=New York,DC=wma-arch,DC=com","WS-3180"
"CN=Karla Middleton,OU=Users,OU=San Diego,DC=wma-arch,DC=com","WS-2740"
"CN=Catherine Waligora,OU=Users,OU=Atlanta,DC=wma-arch,DC=com","WS-3175"
"CN=Alex Chan,OU=Users,OU=Toronto,DC=wma-arch,DC=com","WS-2533"
"CN=Santiago Caballero,OU=Users,OU=Mexico,DC=wma-arch,DC=com","WS-3192"
"CN=Juan Oviedo,OU=Users,OU=Miami,DC=wma-arch,DC=com","WS-2682"
"CN=Christopher Mavros,OU=Users,OU=Houston,DC=wma-arch,DC=com","WS-3193"
"CN=Arthur Osorio,OU=Users,OU=Irvine,DC=wma-arch,DC=com","WS-3194"
"CN=Michael Peck,OU=Users,OU=Phoenix,DC=wma-arch,DC=com","WS-3195"
"CN=Andrea Stylianou,OU=Users,OU=New Jersey,DC=wma-arch,DC=com","WS-2683"
"CN=Gorham Hom,OU=Users,OU=New Jersey,DC=wma-arch,DC=com","WS-2684"
"CN=Bradley Sundheimer,OU=Users,OU=Irvine,DC=wma-arch,DC=com","WS-3196"
"CN=Sarit Stelung,OU=Users,OU=Irvine,DC=wma-arch,DC=com","WS-2074"
"CN=Chelsea Chamra,OU=Users,OU=Princeton,DC=wma-arch,DC=com","WS-2685"
"CN=Heather Shreve,OU=Users,OU=Irvine,DC=wma-arch,DC=com","WS-2055"
,"WS-2056"
"CN=Frances Victoria Melvin,OU=Users,OU=New York,DC=wma-arch,DC=com","WS-2686"
"CN=Anthony Simon,OU=Users,OU=New York,DC=wma-arch,DC=com","WS-2687"
"CN=Julie Wyand,OU=Users,OU=Irvine,DC=wma-arch,DC=com","WS-2205"
"CN=Jennifer Pollock,OU=Users,OU=Irvine,DC=wma-arch,DC=com","WS-3197"
"CN=Benjamin Blakeman,OU=Users,OU=Seattle,DC=wma-arch,DC=com","WS-2738"
"CN=Justin C. Scheitler,OU=Users,OU=Denver-JS,DC=wma-arch,DC=com","WS-2564"
"CN=Ryan Bullock,OU=Users,OU=Denver,DC=wma-arch,DC=com","WS-2565"
"CN=Ameerah Ali,OU=!Pending Deletion,DC=wma-arch,DC=com","WS-2534"
"CN=Natalie Kester,OU=Users,OU=Irvine,DC=wma-arch,DC=com","WS-3198"
"CN=John Betzer,OU=Users,OU=Irvine,DC=wma-arch,DC=com","WS-3199"
"CN=Abby Seyfang,OU=Users,OU=Chicago,DC=wma-arch,DC=com","WS-3201"
"CN=Mariana Serratos,OU=Users,OU=Irvine,DC=wma-arch,DC=com","WS-3203"
,"WS-3205"
,"WS-3204"
"CN=Aida Suta,OU=Users,OU=Atlanta,DC=wma-arch,DC=com","WS-3202"
"CN=Zinayda Reyes,OU=Users,OU=LA,DC=wma-arch,DC=com","WS-3206"
"CN=Brittany Montgomery,OU=Users,OU=San Diego,DC=wma-arch,DC=com","WS-2094"
"CN=Cara Grandolfo,OU=Users,OU=Irvine,DC=wma-arch,DC=com","WS-1946"
,"WS-2553"
"CN=Nick Taylor,OU=Users,OU=San Diego,DC=wma-arch,DC=com","WS-3207"
"CN=Andres Galvis,OU=Users,OU=Mexico,DC=wma-arch,DC=com","WS-3211"
,"WS-3212"
"CN=Afraz Choudhary,OU=Users,OU=Toronto,DC=wma-arch,DC=com","WS-2536"
"CN=Isaac Siedlak,OU=Users,OU=Toronto,DC=wma-arch,DC=com","WS-2537"
"CN=Kayla Wallace,OU=Users,OU=Toronto,DC=wma-arch,DC=com","WS-2538"
"CN=Mohit Gyawali,OU=Users,OU=Toronto,DC=wma-arch,DC=com","WS-2535"
"CN=Troy J. Flick,OU=Users,OU=Chicago,DC=wma-arch,DC=com","WS-3213"
"CN=Abby Seyfang,OU=Users,OU=Chicago,DC=wma-arch,DC=com","WS-3214"
,"WS-2566"
,"WS-2567"
"CN=Jeremy Lovell,OU=Users,OU=Irvine,DC=wma-arch,DC=com","WS-3208"
"CN=Alex Morales,OU=Users,OU=Irvine,DC=wma-arch,DC=com","WS-3209"
,"WS-2688"
,"WS-3210"
,"WS-3381"
,"WS-3382"
,"WS-3215"
,"WS-2075"
,"WS-2689"
,"WS-3383"
,"WS-2033"
,"WS-3384"
,"WS-3385"
,"WS-3386"
,"WS-2690"
,"WS-2691"
,"WS-2651"
,"WS-2168"
,"WS-2539"
,"WS-2285"
